source_file,facial_confidence_score,confidence_class
aagam_q1.json,30,Low
aagam_q2.json,30,Low
aagam_q3.json,30,Low
aagam_q4.json,30,Low
adish_q1_part1.json,85,High
adish_q1_part2.json,85,High
adish_q2_part1.json,85,High
adish_q2_part2.json,85,High
adish_q3_part1.json,85,High
adish_q4.json,85,High
aditya_q1.json,85,High
aditya_q2.json,85,High
aditya_q3.json,85,High
aditya_q4_part1.json,85,High
aryan_q1_part1.json,85,High
aryan_q1_part2.json,60,Medium
aryan_q2_part1.json,85,High
aryan_q2_part2.json,85,High
aryan_q3_part1.json,85,High
aryan_q3_part2.json,85,High
aryan_q4_part1.json,85,High
aryan_q4_part2.json,60,Medium
bhavesh_q1_part1.json,85,High
bhavesh_q1_part2.json,85,High
bhavesh_q2_part1.json,30,Low
bhavesh_q2_part2.json,30,Low
bhavesh_q3.json,85,High
bhavesh_q4_part1.json,85,High
bhavesh_q4_part2.json,85,High
devang_q1.json,85,High
devang_q2.json,85,High
devang_q3.json,85,High
devang_q4.json,85,High
heet_q1_part1.json,60,Medium
heet_q2_part1.json,30,Low
heet_q2_part2.json,85,High
heet_q3_part1.json,85,High
heet_q3_part2.json,85,High
heet_q4_part1.json,85,High
heet_q4_part2.json,85,High
khush_q1_part1.json,85,High
khush_q1_part2.json,85,High
khush_q2_part1.json,85,High
khush_q3_part1.json,85,High
khush_q4_part1.json,60,Medium
khush_q4_part2.json,85,High
krish_q1_part1.json,85,High
krish_q1_part2.json,85,High
krish_q2.json,85,High
krish_q3_part1.json,85,High
krish_q4_part1.json,85,High
krish_q4_part2.json,85,High
omkar_q1.json,85,High
omkar_q2_part1.json,85,High
omkar_q2_part2.json,85,High
omkar_q3_part1.json,85,High
omkar_q3_part2.json,85,High
omkar_q4_part1.json,85,High
parth_q1_part1.json,85,High
parth_q2_part1.json,85,High
parth_q3_part1.json,85,High
parth_q4_part1.json,85,High
parth_q4_part2.json,85,High
philip_q1_part1.json,60,Medium
philip_q2_part1.json,85,High
philip_q2_part2.json,85,High
philip_q2_part3.json,85,High
philip_q3_part1.json,85,High
philip_q3_part2.json,85,High
philip_q3_part3.json,85,High
philip_q3_part4.json,85,High
philip_q4_part1.json,60,Medium
philip_q4_part2.json,60,Medium
philip_q4_part3.json,60,Medium
philip_q4_part4.json,85,High
rudra_q1.json,85,High
rudra_q2.json,85,High
rudra_q3.json,85,High
rudra_q4.json,85,High
sikchi_q1_part1.json,85,High
sikchi_q2.json,85,High
sikchi_q3_part1.json,85,High
sikchi_q4_part1.json,85,High
sikchi_q4_part2.json,85,High
tushar_q1_part1.json,30,Low
tushar_q2_part1.json,30,Low
tushar_q2_part2.json,30,Low
tushar_q3_part1.json,60,Medium
tushar_q3_part2.json,85,High
tushar_q4_part1.json,85,High
tushar_q4_part2.json,85,High
vinayak_q1.json,85,High
vinayak_q2.json,85,High
vinayak_q3.json,85,High
vinayak_q4.json,85,High
vinayakpatil_q1.json,85,High
vinayakpatil_q3_part1.json,85,High
vinayakpatil_q3_part2.json,85,High
vinayakpatil_q3_part3.json,85,High
vinayakpatil_q3_part4.json,85,High
vinayakpatil_q3_part5.json,85,High
vinayakpatil_q4_part1.json,85,High
vinayakpatil_q4_part2.json,85,High
