source_file,audio_prediction,model_prediction,model_confidence,voice_confidence_score,facial_confidence_score,confidence_class,confidence_label
aagam_q1.json,nervous,nervous,287.0,100,30,Low,Low
aagam_q2.json,nervous,nervous,282.0,100,30,Low,Low
aagam_q3.json,nervous,nervous,298.0,100,30,Low,Low
aagam_q4.json,nervous,nervous,263.0,100,30,Low,Low
adish_q1_part1.json,confident,confident,2227.0,100,85,High,High
adish_q1_part2.json,confident,confident,2096.0,100,85,High,High
adish_q2_part1.json,confident,confident,2068.0,100,85,High,High
adish_q2_part2.json,confident,confident,2621.0,100,85,High,High
adish_q3_part1.json,confident,confident,2680.0,100,85,High,High
adish_q4.json,confident,confident,2680.0,100,85,High,High
aditya_q1.json,confident,confident,2138.0,100,85,High,High
aditya_q2.json,confident,confident,2231.0,100,85,High,High
aditya_q3.json,confident,confident,2443.0,100,85,High,High
aditya_q4_part1.json,confident,confident,2050.0,100,85,High,High
aryan_q1_part1.json,confident,confident,2652.0,100,85,High,High
aryan_q1_part2.json,confident,confident,2542.0,100,60,Medium,Medium
aryan_q2_part1.json,confident,confident,3003.0,100,85,High,High
aryan_q2_part2.json,confident,confident,2899.0,100,85,High,High
aryan_q3_part1.json,confident,confident,2439.0,100,85,High,High
aryan_q3_part2.json,confident,confident,2460.0,100,85,High,High
aryan_q4_part1.json,confident,confident,3121.0,100,85,High,High
aryan_q4_part2.json,confident,confident,1130.0,100,60,Medium,Medium
bhavesh_q1_part1.json,confident,confident,2968.0,100,85,High,High
bhavesh_q1_part2.json,confident,confident,2409.0,100,85,High,High
bhavesh_q2_part1.json,confident,confident,1280.0,100,30,Low,Low
bhavesh_q2_part2.json,confident,confident,1079.0,100,30,Low,Low
bhavesh_q3.json,confident,confident,2341.0,100,85,High,High
bhavesh_q4_part1.json,confident,confident,1576.0,100,85,High,High
bhavesh_q4_part2.json,confident,confident,2593.0,100,85,High,High
devang_q1.json,confident,confident,2540.0,100,85,High,High
devang_q2.json,confident,confident,2923.0,100,85,High,High
devang_q3.json,confident,confident,2087.0,100,85,High,High
devang_q4.json,confident,confident,1214.0,100,85,High,High
heet_q1_part1.json,confident,confident,1900.0,100,60,Medium,Medium
heet_q2_part1.json,confident,confident,685.0,100,30,Low,Low
heet_q2_part2.json,confident,confident,1982.0,100,85,High,High
heet_q3_part1.json,confident,confident,1949.0,100,85,High,High
heet_q3_part2.json,confident,confident,2413.0,100,85,High,High
heet_q4_part1.json,confident,confident,965.0,100,85,High,High
heet_q4_part2.json,confident,confident,994.0,100,85,High,High
khush_q1_part1.json,confident,confident,2822.0,100,85,High,High
khush_q1_part2.json,confident,confident,2238.0,100,85,High,High
khush_q2_part1.json,confident,confident,2384.0,100,85,High,High
khush_q3_part1.json,confident,confident,2505.0,100,85,High,High
khush_q4_part1.json,confident,confident,673.0,100,60,Medium,Medium
khush_q4_part2.json,confident,confident,1486.0,100,85,High,High
krish_q1_part1.json,confident,confident,2678.0,100,85,High,High
krish_q1_part2.json,confident,confident,2479.0,100,85,High,High
krish_q2.json,confident,confident,2244.0,100,85,High,High
krish_q3_part1.json,confident,confident,2010.0,100,85,High,High
krish_q4_part1.json,confident,confident,2816.0,100,85,High,High
krish_q4_part2.json,confident,confident,1835.0,100,85,High,High
omkar_q1.json,confident,confident,3103.0,100,85,High,High
omkar_q2_part1.json,confident,confident,2485.0,100,85,High,High
omkar_q2_part2.json,confident,confident,2665.0,100,85,High,High
omkar_q3_part1.json,confident,confident,2527.0,100,85,High,High
omkar_q3_part2.json,confident,confident,2692.0,100,85,High,High
omkar_q4_part1.json,confident,confident,2673.0,100,85,High,High
parth_q1_part1.json,confident,confident,1369.0,100,85,High,High
parth_q2_part1.json,confident,confident,1885.0,100,85,High,High
parth_q3_part1.json,confident,confident,1338.0,100,85,High,High
parth_q4_part1.json,confident,confident,1965.0,100,85,High,High
parth_q4_part2.json,confident,confident,1258.0,100,85,High,High
philip_q1_part1.json,confident,confident,911.0,100,60,Medium,Medium
philip_q2_part1.json,confident,confident,1569.0,100,85,High,High
philip_q2_part2.json,confident,confident,1943.0,100,85,High,High
philip_q2_part3.json,confident,confident,607.0,100,85,High,High
philip_q3_part1.json,confident,confident,1473.0,100,85,High,High
philip_q3_part2.json,confident,confident,2748.0,100,85,High,High
philip_q3_part3.json,confident,confident,1210.0,100,85,High,High
philip_q3_part4.json,confident,confident,947.0,100,85,High,High
philip_q4_part1.json,confident,confident,836.0,100,60,Medium,Medium
philip_q4_part2.json,neutral,neutral,199.0,100,60,Medium,Medium
philip_q4_part3.json,confident,confident,704.0,100,60,Medium,Medium
philip_q4_part4.json,confident,confident,2551.0,100,85,High,High
rudra_q1.json,confident,confident,2195.0,100,85,High,High
rudra_q2.json,confident,confident,2143.0,100,85,High,High
rudra_q3.json,confident,confident,2480.0,100,85,High,High
rudra_q4.json,confident,confident,2531.0,100,85,High,High
sikchi_q1_part1.json,confident,confident,1307.0,100,85,High,High
sikchi_q2.json,confident,confident,1717.0,100,85,High,High
sikchi_q3_part1.json,confident,confident,2145.0,100,85,High,High
sikchi_q4_part1.json,confident,confident,1243.0,100,85,High,High
sikchi_q4_part2.json,confident,confident,2314.0,100,85,High,High
tushar_q1_part1.json,confident,confident,1075.0,100,30,Low,Low
tushar_q2_part1.json,confident,confident,1509.0,100,30,Low,Low
tushar_q2_part2.json,confident,confident,486.0,100,30,Low,Low
tushar_q3_part1.json,confident,confident,398.0,100,60,Medium,Medium
tushar_q3_part2.json,confident,confident,2570.0,100,85,High,High
tushar_q4_part1.json,confident,confident,1886.0,100,85,High,High
tushar_q4_part2.json,confident,confident,2076.0,100,85,High,High
vinayak_q1.json,confident,confident,632.0,100,85,High,High
vinayak_q2.json,confident,confident,1042.0,100,85,High,High
vinayak_q3.json,confident,confident,891.0,100,85,High,High
vinayak_q4.json,confident,confident,1471.0,100,85,High,High
vinayakpatil_q1.json,confident,confident,2649.0,100,85,High,High
vinayakpatil_q3_part1.json,confident,confident,3056.0,100,85,High,High
vinayakpatil_q3_part2.json,confident,confident,2263.0,100,85,High,High
vinayakpatil_q3_part3.json,confident,confident,2836.0,100,85,High,High
vinayakpatil_q3_part4.json,confident,confident,2283.0,100,85,High,High
vinayakpatil_q3_part5.json,confident,confident,2930.0,100,85,High,High
vinayakpatil_q4_part1.json,confident,confident,2390.0,100,85,High,High
vinayakpatil_q4_part2.json,confident,confident,2813.0,100,85,High,High
